{
  "SD202511260983": {
    "stage_index": 3,
    "stages": [
      "Package Received at SWiftDrop Facility",
      "Package Processed",
      "In Transit",
      "Out for Delivery",
      "Delivered"
    ],
    "location": "Lagos, Nigeria",
    "last_update": "2025-11-27 12:40"
  },
  "JD0002123456789012": {
    "stage_index": 2,
    "stages": [
      "Order Confirmed",
      "Preparing Shipment",
      "Departed Warehouse",
      "In Transit \u2014 International",
      "Arrived Destination Country",
      "Pending Customs Clearance"
    ],
    "location": "En route",
    "last_update": "2025-11-26 09:10"
  },
  "LE988776655DE": {
    "stage_index": 4,
    "stages": [
      "Shipment Registered",
      "Picked Up by Courier",
      "In Transit",
      "Arrived at Regional Facility",
      "On Hold \u2014 Address Verification Required"
    ],
    "location": "Berlin, Germany",
    "last_update": "2025-11-25 18:00"
  }
}